learner_id,prior_knowledge,learning_style,preference1,preference2,strength1,strength2,weakness1,weakness2
1,Intermediate,Visual,Practice problems,Interactive quizzes,Algebra,Geometry,Calculus,Statistics
2,Advanced,Auditory,Video lectures,Group discussions,Statistics,Calculus,Algebra,Geometry
3,Beginner,Kinesthetic,Hands-on activities,Visual aids,Geometry,Algebra,Statistics,Calculus
4,Intermediate,Visual,Practice problems,Interactive quizzes,Calculus,Statistics,Geometry,Algebra
5,Advanced,Auditory,Video lectures,Group discussions,Algebra,Geometry,Calculus,Statistics
6,Intermediate,Visual,Interactive simulations,Group discussions,Geometry,Calculus,Algebra,Statistics
7,Beginner,Auditory,Video lectures,Hands-on activities,Statistics,Geometry,Calculus,Algebra
8,Advanced,Visual,Practice problems,Interactive simulations,Calculus,Algebra,Statistics,Geometry
9,Beginner,Kinesthetic,Hands-on activities,Visual aids,Algebra,Calculus,Statistics,Geometry
10,Intermediate,Auditory,Group discussions,Interactive simulations,Geometry,Statistics,Algebra,Calculus
11,Advanced,Visual,Interactive simulations,Video lectures,Calculus,Geometry,Statistics,Algebra
12,Intermediate,Kinesthetic,Hands-on activities,Group discussions,Geometry,Calculus,Algebra,Statistics
13,Beginner,Auditory,Interactive simulations,Hands-on activities,Statistics,Algebra,Geometry,Calculus
14,Advanced,Visual,Practice problems,Video lectures,Algebra,Calculus,Geometry,Statistics
15,Beginner,Auditory,Group discussions,Interactive simulations,Statistics,Geometry,Calculus,Algebra
16,Intermediate,Kinesthetic,Hands-on activities,Visual aids,Calculus,Geometry,Statistics,Algebra
17,Advanced,Visual,Video lectures,Group discussions,Algebra,Statistics,Calculus,Geometry
18,Beginner,Kinesthetic,Interactive simulations,Practice problems,Geometry,Algebra,Calculus,Statistics
19,Intermediate,Auditory,Hands-on activities,Visual aids,Statistics,Geometry,Algebra,Calculus
20,Advanced,Visual,Group discussions,Interactive simulations,Calculus,Algebra,Geometry,Statistics
21,Beginner,Kinesthetic,Video lectures,Hands-on activities,Calculus,Geometry,Statistics,Algebra
22,Intermediate,Auditory,Group discussions,Practice problems,Algebra,Calculus,Geometry,Statistics
23,Advanced,Visual,Hands-on activities,Interactive simulations,Statistics,Calculus,Geometry,Algebra
24,Beginner,Kinesthetic,Interactive simulations,Video lectures,Geometry,Calculus,Algebra,Statistics
25,Intermediate,Auditory,Visual aids,Group discussions,Statistics,Geometry,Calculus,Algebra
26,Advanced,Auditory,Group discussions,Video lectures,Statistics,Geometry,Calculus,Algebra
27,Intermediate,Visual,Interactive simulations,Practice problems,Algebra,Statistics,Geometry,Calculus
28,Beginner,Kinesthetic,Hands-on activities,Visual aids,Calculus,Algebra,Statistics,Geometry
29,Advanced,Auditory,Interactive simulations,Group discussions,Geometry,Calculus,Algebra,Statistics
30,Beginner,Visual,Video lectures,Hands-on activities,Statistics,Geometry,Calculus,Algebra
31,Intermediate,Kinesthetic,Group discussions,Practice problems,Algebra,Calculus,Geometry,Statistics
32,Advanced,Auditory,Hands-on activities,Visual aids,Statistics,Calculus,Geometry,Algebra
33,Beginner,Visual,Interactive simulations,Group discussions,Algebra,Statistics,Calculus,Geometry
34,Intermediate,Kinesthetic,Video lectures,Practice problems,Geometry,Algebra,Statistics,Calculus
35,Advanced,Visual,Group discussions,Hands-on activities,Calculus,Geometry,Statistics,Algebra
36,Intermediate,Kinesthetic,Hands-on activities,Visual aids,Calculus,Statistics,Geometry,Algebra
37,Beginner,Visual,Practice problems,Interactive simulations,Geometry,Calculus,Algebra,Statistics
38,Advanced,Auditory,Video lectures,Group discussions,Statistics,Geometry,Calculus,Algebra
39,Intermediate,Kinesthetic,Hands-on activities,Visual aids,Algebra,Geometry,Calculus,Statistics
40,Beginner,Visual,Interactive simulations,Practice problems,Statistics,Geometry,Calculus,Algebra
41,Advanced,Auditory,Group discussions,Video lectures,Algebra,Statistics,Calculus,Geometry
42,Intermediate,Kinesthetic,Practice problems,Group discussions,Geometry,Calculus,Statistics,Algebra
43,Beginner,Visual,Hands-on activities,Interactive simulations,Calculus,Algebra,Geometry,Statistics
44,Advanced,Auditory,Video lectures,Group discussions,Statistics,Calculus,Algebra,Geometry
45,Intermediate,Kinesthetic,Interactive simulations,Practice problems,Geometry,Algebra,Statistics,Calculus
46,Advanced,Auditory,Video lectures,Group discussions,Algebra,Geometry,Calculus,Statistics
47,Intermediate,Visual,Practice problems,Interactive simulations,Geometry,Calculus,Algebra,Statistics
48,Beginner,Kinesthetic,Hands-on activities,Visual aids,Statistics,Geometry,Calculus,Algebra
49,Advanced,Auditory,Group discussions,Video lectures,Statistics,Calculus,Algebra,Geometry
50,Beginner,Visual,Interactive simulations,Hands-on activities,Calculus,Algebra,Geometry,Statistics
51,Intermediate,Kinesthetic,Group discussions,Practice problems,Algebra,Calculus,Geometry,Statistics
52,Advanced,Auditory,Hands-on activities,Visual aids,Statistics,Geometry,Calculus,Algebra
53,Beginner,Visual,Practice problems,Interactive simulations,Algebra,Calculus,Geometry,Statistics
54,Intermediate,Kinesthetic,Video lectures,Group discussions,Calculus,Statistics,Geometry,Algebra
55,Advanced,Auditory,Interactive simulations,Practice problems,Geometry,Algebra,Statistics,Calculus
56,Intermediate,Visual,Interactive simulations,Practice problems,Statistics,Geometry,Calculus,Algebra
57,Beginner,Kinesthetic,Group discussions,Visual aids,Algebra,Geometry,Calculus,Statistics
58,Advanced,Auditory,Video lectures,Group discussions,Statistics,Calculus,Algebra,Geometry
59,Intermediate,Visual,Practice problems,Interactive quizzes,Geometry,Algebra,Statistics,Calculus
60,Beginner,Kinesthetic,Hands-on activities,Visual aids,Calculus,Geometry,Statistics,Algebra
61,Advanced,Auditory,Group discussions,Interactive simulations,Algebra,Statistics,Calculus,Geometry
62,Intermediate,Kinesthetic,Hands-on activities,Visual aids,Geometry,Calculus,Algebra,Statistics
63,Beginner,Visual,Interactive simulations,Group discussions,Statistics,Geometry,Calculus,Algebra
64,Advanced,Auditory,Video lectures,Group discussions,Calculus,Statistics,Algebra,Geometry
65,Intermediate,Kinesthetic,Hands-on activities,Visual aids,Algebra,Calculus,Geometry,Statistics
66,Advanced,Auditory,Group discussions,Video lectures,Algebra,Geometry,Calculus,Statistics
67,Intermediate,Visual,Practice problems,Interactive simulations,Geometry,Calculus,Algebra,Statistics
68,Beginner,Kinesthetic,Hands-on activities,Visual aids,Statistics,Geometry,Calculus,Algebra
69,Advanced,Auditory,Group discussions,Video lectures,Statistics,Calculus,Algebra,Geometry
70,Beginner,Visual,Interactive simulations,Hands-on activities,Calculus,Algebra,Geometry,Statistics
71,Intermediate,Kinesthetic,Group discussions,Practice problems,Algebra,Calculus,Geometry,Statistics
72,Advanced,Auditory,Hands-on activities,Visual aids,Statistics,Geometry,Calculus,Algebra
73,Beginner,Visual,Practice problems,Interactive simulations,Algebra,Calculus,Geometry,Statistics
74,Intermediate,Kinesthetic,Video lectures,Group discussions,Calculus,Statistics,Geometry,Algebra
75,Advanced,Auditory,Interactive simulations,Practice problems,Geometry,Algebra,Statistics,Calculus
76,Intermediate,Kinesthetic,Hands-on activities,Visual aids,Calculus,Statistics,Geometry,Algebra
77,Beginner,Visual,Practice problems,Interactive simulations,Geometry,Calculus,Algebra,Statistics
78,Advanced,Auditory,Video lectures,Group discussions,Statistics,Calculus,Algebra,Geometry
79,Intermediate,Visual,Practice problems,Interactive quizzes,Geometry,Algebra,Statistics,Calculus
80,Beginner,Kinesthetic,Hands-on activities,Visual aids,Calculus,Geometry,Statistics,Algebra
